User_ID,Gender,Device,Country,New_Visitor
U0000,Male,Desktop,Germany,Yes
U0001,Female,Tablet,Canada,Yes
U0002,Male,Mobile,Canada,No
U0003,Male,Mobile,India,Yes
U0004,Male,Mobile,USA,No
U0005,Female,Mobile,Canada,Yes
U0006,Male,Mobile,Canada,No
U0007,Male,Mobile,UK,Yes
U0008,Male,Mobile,USA,No
U0009,Female,Desktop,UK,No
U0010,Male,Tablet,USA,Yes
U0011,Male,Mobile,UK,No
U0012,Male,Desktop,Canada,No
U0013,Male,Desktop,Canada,No
U0014,Female,Tablet,India,No
U0015,Male,Mobile,UK,No
U0016,Female,Tablet,Germany,No
U0017,Female,Mobile,India,No
U0018,Female,Desktop,UK,No
U0019,Male,Desktop,UK,Yes
U0020,Female,Desktop,India,Yes
U0021,Male,Desktop,Canada,No
U0022,Female,Tablet,UK,No
U0023,Female,Mobile,Canada,Yes
U0024,Female,Mobile,India,Yes
U0025,Female,Tablet,Canada,Yes
U0026,Female,Mobile,USA,No
U0027,Female,Desktop,Germany,Yes
U0028,Female,Mobile,UK,No
U0029,Female,Desktop,Germany,No
U0030,Male,Tablet,Canada,Yes
U0031,Male,Mobile,UK,No
U0032,Female,Tablet,Canada,No
U0033,Female,Mobile,USA,No
U0034,Female,Desktop,India,No
U0035,Male,Tablet,UK,Yes
U0036,Female,Mobile,USA,Yes
U0037,Male,Desktop,USA,No
U0038,Male,Tablet,UK,No
U0039,Male,Tablet,Canada,Yes
U0040,Male,Mobile,USA,No
U0041,Male,Mobile,Germany,Yes
U0042,Female,Mobile,USA,No
U0043,Female,Desktop,Canada,No
U0044,Female,Mobile,Canada,Yes
U0045,Female,Tablet,Germany,Yes
U0046,Female,Tablet,USA,Yes
U0047,Male,Mobile,Canada,Yes
U0048,Female,Mobile,UK,No
U0049,Female,Tablet,India,Yes
U0050,Male,Desktop,India,No
U0051,Female,Mobile,India,Yes
U0052,Male,Mobile,USA,Yes
U0053,Female,Tablet,Germany,No
U0054,Male,Mobile,Canada,Yes
U0055,Female,Desktop,UK,Yes
U0056,Female,Tablet,UK,Yes
U0057,Male,Mobile,USA,Yes
U0058,Male,Tablet,India,No
U0059,Male,Mobile,USA,No
U0060,Male,Mobile,Germany,Yes
U0061,Male,Mobile,Germany,Yes
U0062,Male,Desktop,Canada,Yes
U0063,Male,Desktop,Canada,No
U0064,Male,Tablet,Germany,No
U0065,Female,Mobile,Germany,No
U0066,Female,Mobile,Germany,No
U0067,Male,Desktop,USA,Yes
U0068,Female,Mobile,Germany,Yes
U0069,Female,Desktop,UK,Yes
U0070,Female,Mobile,India,No
U0071,Female,Tablet,Germany,Yes
U0072,Male,Mobile,India,No
U0073,Female,Mobile,USA,No
U0074,Male,Desktop,India,Yes
U0075,Female,Mobile,USA,Yes
U0076,Female,Mobile,UK,Yes
U0077,Female,Desktop,USA,No
U0078,Male,Tablet,USA,No
U0079,Female,Tablet,Canada,Yes
U0080,Male,Desktop,Germany,Yes
U0081,Female,Desktop,Germany,No
U0082,Male,Desktop,UK,Yes
U0083,Female,Desktop,UK,No
U0084,Male,Desktop,Germany,No
U0085,Male,Tablet,Canada,Yes
U0086,Female,Tablet,Germany,Yes
U0087,Male,Desktop,Canada,Yes
U0088,Female,Mobile,UK,Yes
U0089,Female,Desktop,India,No
U0090,Female,Mobile,UK,No
U0091,Female,Desktop,UK,No
U0092,Female,Desktop,USA,Yes
U0093,Female,Tablet,USA,No
U0094,Female,Mobile,USA,Yes
U0095,Female,Mobile,USA,Yes
U0096,Female,Tablet,Canada,Yes
U0097,Female,Tablet,Germany,Yes
U0098,Female,Tablet,India,Yes
U0099,Male,Tablet,UK,Yes
U0100,Male,Mobile,Canada,No
U0101,Female,Mobile,India,Yes
U0102,Female,Desktop,Canada,No
U0103,Female,Desktop,Canada,No
U0104,Female,Tablet,UK,Yes
U0105,Female,Tablet,Germany,Yes
U0106,Female,Tablet,USA,Yes
U0107,Female,Desktop,Germany,No
U0108,Female,Desktop,UK,Yes
U0109,Male,Desktop,UK,No
U0110,Female,Desktop,UK,Yes
U0111,Male,Desktop,India,Yes
U0112,Female,Desktop,Germany,No
U0113,Female,Desktop,Germany,No
U0114,Male,Tablet,Canada,Yes
U0115,Female,Tablet,Canada,No
U0116,Male,Tablet,Canada,No
U0117,Female,Tablet,UK,No
U0118,Female,Desktop,Germany,No
U0119,Male,Mobile,UK,No
U0120,Female,Desktop,India,Yes
U0121,Male,Mobile,Canada,Yes
U0122,Female,Tablet,UK,No
U0123,Male,Desktop,UK,Yes
U0124,Male,Tablet,India,Yes
U0125,Female,Desktop,USA,No
U0126,Female,Tablet,Germany,Yes
U0127,Male,Mobile,USA,No
U0128,Female,Mobile,Canada,No
U0129,Female,Mobile,UK,Yes
U0130,Female,Desktop,India,No
U0131,Male,Mobile,India,No
U0132,Male,Desktop,Germany,No
U0133,Male,Mobile,USA,No
U0134,Male,Mobile,Germany,No
U0135,Male,Desktop,UK,Yes
U0136,Male,Desktop,Germany,Yes
U0137,Male,Mobile,India,No
U0138,Male,Desktop,India,No
U0139,Male,Mobile,Canada,Yes
U0140,Female,Desktop,Canada,No
U0141,Male,Tablet,UK,Yes
U0142,Female,Tablet,USA,No
U0143,Female,Tablet,Germany,No
U0144,Female,Tablet,UK,No
U0145,Male,Tablet,Canada,No
U0146,Male,Mobile,Germany,No
U0147,Male,Tablet,Canada,No
U0148,Male,Tablet,Germany,No
U0149,Female,Tablet,USA,Yes
U0150,Male,Tablet,UK,Yes
U0151,Male,Desktop,Germany,Yes
U0152,Male,Mobile,India,No
U0153,Male,Tablet,India,No
U0154,Male,Tablet,Germany,No
U0155,Female,Tablet,Germany,No
U0156,Male,Mobile,Germany,No
U0157,Female,Desktop,India,No
U0158,Male,Mobile,India,No
U0159,Female,Desktop,Germany,Yes
U0160,Male,Tablet,Canada,No
U0161,Male,Tablet,Canada,Yes
U0162,Female,Mobile,USA,Yes
U0163,Female,Mobile,UK,No
U0164,Female,Desktop,Canada,No
U0165,Male,Desktop,India,Yes
U0166,Female,Mobile,Canada,Yes
U0167,Male,Desktop,USA,No
U0168,Male,Mobile,USA,No
U0169,Female,Desktop,UK,Yes
U0170,Female,Mobile,Canada,No
U0171,Male,Mobile,India,No
U0172,Male,Mobile,India,No
U0173,Female,Desktop,Germany,Yes
U0174,Female,Desktop,India,Yes
U0175,Female,Desktop,UK,Yes
U0176,Male,Mobile,UK,No
U0177,Male,Desktop,India,No
U0178,Male,Desktop,India,Yes
U0179,Male,Mobile,Germany,Yes
U0180,Male,Tablet,India,Yes
U0181,Male,Mobile,Germany,No
U0182,Female,Desktop,Germany,Yes
U0183,Male,Mobile,India,Yes
U0184,Male,Tablet,USA,No
U0185,Male,Mobile,USA,No
U0186,Female,Desktop,Germany,No
U0187,Male,Tablet,India,Yes
U0188,Male,Desktop,USA,No
U0189,Female,Tablet,India,No
U0190,Male,Tablet,India,Yes
U0191,Male,Mobile,India,No
U0192,Male,Mobile,Canada,Yes
U0193,Male,Desktop,India,Yes
U0194,Male,Mobile,Canada,No
U0195,Female,Mobile,Germany,No
U0196,Female,Tablet,USA,No
U0197,Female,Mobile,USA,No
U0198,Male,Tablet,USA,No
U0199,Male,Tablet,USA,No
U0200,Male,Tablet,USA,Yes
U0201,Female,Desktop,USA,Yes
U0202,Male,Desktop,USA,No
U0203,Male,Desktop,Germany,Yes
U0204,Female,Tablet,India,No
U0205,Male,Desktop,UK,Yes
U0206,Female,Desktop,Canada,Yes
U0207,Female,Mobile,UK,Yes
U0208,Female,Desktop,UK,No
U0209,Male,Desktop,India,Yes
U0210,Male,Tablet,India,No
U0211,Male,Tablet,India,Yes
U0212,Male,Tablet,USA,Yes
U0213,Male,Tablet,Germany,Yes
U0214,Male,Tablet,USA,Yes
U0215,Male,Tablet,Germany,Yes
U0216,Female,Desktop,Germany,No
U0217,Male,Tablet,UK,No
U0218,Female,Tablet,UK,Yes
U0219,Male,Mobile,Germany,Yes
U0220,Male,Desktop,Germany,Yes
U0221,Male,Desktop,USA,Yes
U0222,Female,Desktop,USA,No
U0223,Female,Tablet,UK,Yes
U0224,Female,Tablet,India,No
U0225,Female,Tablet,Germany,Yes
U0226,Male,Mobile,USA,No
U0227,Female,Tablet,UK,Yes
U0228,Male,Mobile,USA,Yes
U0229,Male,Desktop,Germany,No
U0230,Female,Tablet,Germany,Yes
U0231,Female,Mobile,Canada,Yes
U0232,Female,Mobile,India,Yes
U0233,Female,Tablet,Canada,No
U0234,Female,Desktop,UK,Yes
U0235,Female,Desktop,USA,Yes
U0236,Female,Desktop,UK,No
U0237,Female,Mobile,Germany,No
U0238,Male,Mobile,Canada,No
U0239,Female,Mobile,Canada,Yes
U0240,Female,Mobile,Canada,Yes
U0241,Male,Desktop,UK,Yes
U0242,Female,Tablet,Germany,No
U0243,Male,Mobile,USA,Yes
U0244,Male,Mobile,USA,Yes
U0245,Female,Desktop,UK,No
U0246,Male,Tablet,Canada,No
U0247,Male,Tablet,India,No
U0248,Male,Desktop,UK,No
U0249,Male,Desktop,UK,No
U0250,Female,Tablet,Germany,Yes
U0251,Male,Mobile,USA,No
U0252,Female,Tablet,UK,Yes
U0253,Male,Desktop,UK,Yes
U0254,Male,Mobile,Canada,No
U0255,Male,Mobile,Canada,No
U0256,Male,Desktop,India,No
U0257,Female,Desktop,Germany,Yes
U0258,Female,Desktop,India,No
U0259,Male,Tablet,Canada,No
U0260,Male,Tablet,USA,No
U0261,Female,Mobile,Canada,No
U0262,Male,Desktop,Germany,No
U0263,Male,Mobile,Canada,Yes
U0264,Male,Mobile,Germany,Yes
U0265,Female,Mobile,Germany,Yes
U0266,Female,Mobile,Germany,No
U0267,Female,Desktop,Germany,No
U0268,Male,Mobile,Germany,No
U0269,Male,Desktop,USA,Yes
U0270,Female,Desktop,India,No
U0271,Female,Tablet,UK,No
U0272,Female,Desktop,India,No
U0273,Female,Tablet,Germany,Yes
U0274,Male,Desktop,USA,No
U0275,Female,Desktop,Canada,Yes
U0276,Male,Desktop,USA,No
U0277,Female,Tablet,Germany,Yes
U0278,Male,Tablet,USA,Yes
U0279,Female,Mobile,USA,Yes
U0280,Female,Tablet,Germany,No
U0281,Female,Tablet,USA,No
U0282,Female,Tablet,UK,Yes
U0283,Male,Tablet,UK,Yes
U0284,Female,Mobile,USA,No
U0285,Male,Tablet,Canada,No
U0286,Male,Desktop,Germany,Yes
U0287,Male,Desktop,UK,No
U0288,Male,Tablet,Canada,No
U0289,Female,Tablet,USA,No
U0290,Male,Desktop,Canada,No
U0291,Male,Desktop,India,Yes
U0292,Male,Mobile,UK,No
U0293,Female,Desktop,USA,No
U0294,Female,Desktop,Germany,Yes
U0295,Female,Tablet,USA,Yes
U0296,Female,Desktop,Germany,No
U0297,Male,Mobile,USA,No
U0298,Male,Desktop,Canada,No
U0299,Female,Tablet,Canada,No
U0300,Male,Tablet,Canada,Yes
U0301,Male,Desktop,India,Yes
U0302,Male,Tablet,Germany,Yes
U0303,Female,Mobile,Canada,No
U0304,Female,Mobile,India,No
U0305,Male,Desktop,Germany,No
U0306,Female,Desktop,USA,No
U0307,Female,Desktop,India,Yes
U0308,Female,Tablet,UK,Yes
U0309,Female,Mobile,India,No
U0310,Female,Mobile,India,Yes
U0311,Male,Tablet,Germany,No
U0312,Female,Mobile,USA,No
U0313,Male,Desktop,UK,Yes
U0314,Male,Desktop,Canada,No
U0315,Female,Desktop,Canada,No
U0316,Male,Mobile,India,Yes
U0317,Male,Desktop,Germany,No
U0318,Male,Tablet,Germany,No
U0319,Female,Tablet,Canada,Yes
U0320,Female,Mobile,UK,No
U0321,Male,Tablet,USA,Yes
U0322,Female,Tablet,UK,No
U0323,Female,Mobile,USA,Yes
U0324,Female,Desktop,Canada,Yes
U0325,Female,Desktop,USA,Yes
U0326,Male,Desktop,Germany,No
U0327,Male,Mobile,India,Yes
U0328,Female,Tablet,India,Yes
U0329,Female,Desktop,Canada,Yes
U0330,Male,Desktop,Germany,Yes
U0331,Male,Mobile,UK,Yes
U0332,Female,Desktop,Germany,No
U0333,Male,Mobile,India,No
U0334,Female,Tablet,India,No
U0335,Female,Mobile,Germany,No
U0336,Male,Mobile,Germany,No
U0337,Male,Mobile,India,No
U0338,Female,Mobile,UK,No
U0339,Female,Tablet,Canada,Yes
U0340,Male,Tablet,Canada,No
U0341,Female,Desktop,Germany,Yes
U0342,Male,Tablet,Canada,Yes
U0343,Female,Tablet,India,No
U0344,Male,Desktop,India,Yes
U0345,Male,Tablet,Germany,Yes
U0346,Male,Mobile,Germany,Yes
U0347,Female,Mobile,Germany,Yes
U0348,Female,Desktop,UK,No
U0349,Male,Desktop,Canada,No
U0350,Female,Desktop,Germany,No
U0351,Male,Mobile,USA,No
U0352,Male,Tablet,USA,No
U0353,Female,Mobile,India,No
U0354,Female,Desktop,Canada,No
U0355,Male,Tablet,Germany,No
U0356,Female,Tablet,USA,No
U0357,Female,Mobile,Canada,No
U0358,Male,Desktop,India,Yes
U0359,Male,Mobile,UK,No
U0360,Female,Tablet,Canada,Yes
U0361,Male,Mobile,Canada,Yes
U0362,Male,Mobile,UK,Yes
U0363,Female,Desktop,Canada,Yes
U0364,Male,Desktop,India,No
U0365,Male,Tablet,India,Yes
U0366,Female,Mobile,UK,No
U0367,Female,Mobile,Germany,No
U0368,Male,Mobile,USA,Yes
U0369,Male,Tablet,Germany,No
U0370,Female,Tablet,Canada,Yes
U0371,Female,Desktop,USA,Yes
U0372,Female,Desktop,UK,No
U0373,Female,Desktop,UK,No
U0374,Male,Mobile,USA,Yes
U0375,Female,Mobile,India,No
U0376,Female,Desktop,USA,No
U0377,Male,Mobile,Canada,No
U0378,Female,Desktop,India,Yes
U0379,Male,Tablet,UK,Yes
U0380,Female,Desktop,USA,No
U0381,Female,Tablet,Germany,No
U0382,Female,Mobile,Germany,No
U0383,Male,Desktop,Canada,No
U0384,Male,Mobile,Germany,No
U0385,Female,Tablet,USA,Yes
U0386,Male,Tablet,USA,No
U0387,Male,Tablet,Germany,Yes
U0388,Male,Mobile,USA,No
U0389,Male,Mobile,Canada,Yes
U0390,Male,Mobile,India,No
U0391,Male,Mobile,Canada,Yes
U0392,Female,Tablet,Canada,No
U0393,Female,Tablet,USA,Yes
U0394,Male,Desktop,India,Yes
U0395,Female,Desktop,USA,Yes
U0396,Female,Mobile,UK,Yes
U0397,Female,Tablet,USA,Yes
U0398,Female,Tablet,USA,Yes
U0399,Male,Tablet,USA,No
U0400,Female,Desktop,India,Yes
U0401,Female,Desktop,USA,No
U0402,Male,Tablet,India,No
U0403,Male,Tablet,Germany,No
U0404,Female,Tablet,UK,No
U0405,Female,Desktop,India,No
U0406,Female,Tablet,Germany,Yes
U0407,Female,Tablet,India,Yes
U0408,Female,Mobile,India,Yes
U0409,Female,Mobile,UK,No
U0410,Male,Desktop,Canada,Yes
U0411,Female,Tablet,Canada,Yes
U0412,Female,Tablet,India,Yes
U0413,Male,Mobile,USA,Yes
U0414,Male,Desktop,Germany,Yes
U0415,Male,Mobile,USA,No
U0416,Male,Mobile,USA,Yes
U0417,Female,Mobile,India,No
U0418,Female,Mobile,India,No
U0419,Female,Tablet,India,No
U0420,Female,Tablet,India,No
U0421,Female,Mobile,Canada,No
U0422,Female,Desktop,India,Yes
U0423,Male,Desktop,Canada,Yes
U0424,Female,Desktop,Canada,Yes
U0425,Male,Desktop,India,No
U0426,Male,Mobile,UK,Yes
U0427,Female,Tablet,Germany,Yes
U0428,Male,Desktop,USA,No
U0429,Female,Mobile,Canada,No
U0430,Male,Desktop,Germany,No
U0431,Female,Desktop,UK,No
U0432,Male,Mobile,USA,Yes
U0433,Female,Tablet,USA,No
U0434,Female,Tablet,Canada,No
U0435,Female,Mobile,India,Yes
U0436,Female,Tablet,UK,Yes
U0437,Female,Mobile,Canada,No
U0438,Male,Mobile,UK,Yes
U0439,Male,Mobile,India,No
U0440,Male,Tablet,India,No
U0441,Female,Mobile,Canada,Yes
U0442,Male,Desktop,India,Yes
U0443,Female,Tablet,Germany,No
U0444,Female,Tablet,USA,No
U0445,Male,Tablet,Canada,No
U0446,Male,Tablet,UK,Yes
U0447,Female,Desktop,Germany,No
U0448,Male,Tablet,Canada,No
U0449,Female,Tablet,India,No
U0450,Female,Mobile,India,No
U0451,Female,Tablet,India,No
U0452,Female,Desktop,India,Yes
U0453,Female,Desktop,UK,No
U0454,Male,Desktop,Germany,No
U0455,Male,Desktop,USA,No
U0456,Female,Tablet,UK,No
U0457,Female,Tablet,UK,Yes
U0458,Male,Desktop,USA,Yes
U0459,Male,Desktop,USA,Yes
U0460,Female,Tablet,India,No
U0461,Male,Desktop,UK,No
U0462,Female,Mobile,Canada,Yes
U0463,Male,Desktop,USA,Yes
U0464,Female,Desktop,USA,Yes
U0465,Male,Mobile,Germany,No
U0466,Female,Mobile,Canada,No
U0467,Male,Tablet,Canada,Yes
U0468,Male,Tablet,USA,Yes
U0469,Female,Mobile,India,Yes
U0470,Male,Mobile,Germany,No
U0471,Female,Tablet,Canada,No
U0472,Male,Desktop,USA,No
U0473,Female,Mobile,Canada,Yes
U0474,Male,Tablet,Germany,Yes
U0475,Female,Desktop,Germany,No
U0476,Male,Mobile,UK,Yes
U0477,Female,Desktop,USA,No
U0478,Male,Tablet,Germany,Yes
U0479,Female,Mobile,UK,Yes
U0480,Female,Desktop,UK,Yes
U0481,Female,Mobile,Canada,Yes
U0482,Male,Desktop,Canada,No
U0483,Female,Tablet,UK,Yes
U0484,Male,Tablet,Canada,No
U0485,Female,Mobile,Germany,No
U0486,Male,Desktop,India,No
U0487,Female,Mobile,Germany,Yes
U0488,Male,Mobile,UK,No
U0489,Male,Desktop,UK,No
U0490,Female,Desktop,Germany,No
U0491,Male,Desktop,Canada,Yes
U0492,Male,Tablet,Canada,Yes
U0493,Female,Mobile,UK,No
U0494,Male,Mobile,USA,Yes
U0495,Male,Tablet,Canada,No
U0496,Male,Desktop,Germany,No
U0497,Female,Tablet,Canada,Yes
U0498,Male,Tablet,Germany,No
U0499,Female,Tablet,UK,Yes
U0500,Male,Mobile,Canada,Yes
U0501,Male,Tablet,Germany,No
U0502,Male,Mobile,UK,Yes
U0503,Female,Mobile,USA,Yes
U0504,Male,Mobile,Germany,No
U0505,Male,Desktop,USA,No
U0506,Female,Mobile,USA,Yes
U0507,Male,Mobile,India,Yes
U0508,Female,Desktop,Canada,No
U0509,Female,Mobile,Germany,Yes
U0510,Male,Tablet,USA,Yes
U0511,Female,Tablet,India,Yes
U0512,Male,Mobile,UK,Yes
U0513,Female,Desktop,Germany,Yes
U0514,Female,Tablet,USA,Yes
U0515,Male,Desktop,Canada,Yes
U0516,Female,Desktop,India,No
U0517,Female,Tablet,USA,No
U0518,Female,Desktop,Canada,No
U0519,Female,Tablet,USA,No
U0520,Female,Desktop,Germany,No
U0521,Male,Tablet,Germany,Yes
U0522,Female,Mobile,Germany,Yes
U0523,Male,Tablet,India,Yes
U0524,Female,Tablet,Germany,Yes
U0525,Male,Tablet,Canada,No
U0526,Male,Tablet,USA,Yes
U0527,Female,Desktop,UK,Yes
U0528,Female,Mobile,Canada,No
U0529,Female,Tablet,Canada,Yes
U0530,Male,Desktop,Germany,Yes
U0531,Female,Mobile,India,No
U0532,Male,Mobile,USA,Yes
U0533,Male,Mobile,India,Yes
U0534,Male,Mobile,USA,Yes
U0535,Female,Tablet,USA,Yes
U0536,Female,Tablet,India,Yes
U0537,Male,Desktop,Canada,No
U0538,Male,Desktop,USA,No
U0539,Female,Desktop,India,No
U0540,Male,Mobile,USA,No
U0541,Female,Mobile,UK,No
U0542,Male,Tablet,Canada,No
U0543,Female,Mobile,Germany,Yes
U0544,Male,Mobile,USA,No
U0545,Female,Mobile,UK,No
U0546,Male,Desktop,Germany,Yes
U0547,Female,Desktop,Germany,Yes
U0548,Female,Tablet,USA,No
U0549,Male,Mobile,India,Yes
U0550,Male,Mobile,USA,No
U0551,Female,Tablet,UK,Yes
U0552,Male,Mobile,Germany,No
U0553,Female,Mobile,USA,Yes
U0554,Male,Desktop,India,Yes
U0555,Female,Tablet,USA,No
U0556,Female,Tablet,Canada,No
U0557,Female,Tablet,India,No
U0558,Female,Tablet,UK,No
U0559,Female,Desktop,Germany,No
U0560,Female,Desktop,USA,Yes
U0561,Male,Mobile,India,No
U0562,Male,Mobile,Canada,No
U0563,Male,Mobile,India,Yes
U0564,Female,Mobile,Canada,Yes
U0565,Female,Desktop,UK,No
U0566,Female,Tablet,Germany,Yes
U0567,Female,Desktop,UK,Yes
U0568,Male,Mobile,USA,No
U0569,Male,Desktop,India,Yes
U0570,Female,Tablet,Canada,Yes
U0571,Male,Tablet,Canada,No
U0572,Male,Desktop,India,No
U0573,Female,Desktop,India,Yes
U0574,Male,Desktop,USA,Yes
U0575,Female,Mobile,UK,No
U0576,Male,Desktop,Canada,Yes
U0577,Female,Desktop,USA,Yes
U0578,Female,Desktop,UK,Yes
U0579,Female,Tablet,USA,No
U0580,Female,Tablet,Canada,Yes
U0581,Male,Mobile,India,Yes
U0582,Female,Mobile,India,No
U0583,Female,Tablet,UK,Yes
U0584,Female,Tablet,Germany,Yes
U0585,Male,Tablet,UK,No
U0586,Female,Desktop,Germany,No
U0587,Male,Desktop,USA,No
U0588,Female,Tablet,USA,No
U0589,Male,Desktop,Canada,Yes
U0590,Male,Desktop,Germany,Yes
U0591,Female,Mobile,Canada,No
U0592,Male,Tablet,India,No
U0593,Female,Tablet,Germany,Yes
U0594,Female,Desktop,UK,No
U0595,Female,Tablet,India,Yes
U0596,Male,Mobile,India,No
U0597,Male,Mobile,UK,Yes
U0598,Female,Mobile,India,No
U0599,Female,Tablet,Germany,No
U0600,Male,Tablet,Canada,Yes
U0601,Female,Tablet,India,No
U0602,Female,Tablet,Germany,Yes
U0603,Female,Tablet,USA,Yes
U0604,Male,Mobile,Germany,Yes
U0605,Male,Desktop,Canada,Yes
U0606,Male,Mobile,Germany,Yes
U0607,Female,Tablet,UK,No
U0608,Female,Mobile,Canada,No
U0609,Female,Tablet,USA,Yes
U0610,Male,Tablet,UK,No
U0611,Female,Mobile,Germany,Yes
U0612,Female,Tablet,Canada,No
U0613,Female,Desktop,USA,No
U0614,Female,Tablet,UK,No
U0615,Male,Desktop,USA,No
U0616,Male,Desktop,Germany,Yes
U0617,Female,Tablet,USA,Yes
U0618,Male,Mobile,India,No
U0619,Male,Desktop,UK,No
U0620,Female,Mobile,USA,Yes
U0621,Female,Desktop,Germany,No
U0622,Male,Tablet,Germany,Yes
U0623,Female,Tablet,USA,Yes
U0624,Male,Desktop,Germany,Yes
U0625,Female,Tablet,Canada,No
U0626,Male,Desktop,Canada,Yes
U0627,Female,Tablet,Canada,No
U0628,Male,Mobile,India,Yes
U0629,Male,Tablet,USA,No
U0630,Male,Mobile,India,No
U0631,Female,Tablet,Germany,No
U0632,Male,Mobile,India,Yes
U0633,Male,Tablet,Germany,Yes
U0634,Female,Mobile,Germany,No
U0635,Female,Desktop,UK,No
U0636,Male,Desktop,Canada,No
U0637,Male,Mobile,Germany,Yes
U0638,Female,Tablet,UK,Yes
U0639,Female,Mobile,Canada,Yes
U0640,Female,Tablet,Germany,Yes
U0641,Female,Desktop,Germany,No
U0642,Female,Tablet,India,No
U0643,Male,Desktop,India,Yes
U0644,Female,Tablet,Canada,Yes
U0645,Male,Tablet,Germany,No
U0646,Male,Tablet,USA,Yes
U0647,Male,Mobile,India,Yes
U0648,Female,Mobile,Canada,Yes
U0649,Male,Desktop,Germany,Yes
U0650,Male,Desktop,Germany,Yes
U0651,Female,Mobile,USA,Yes
U0652,Male,Desktop,Canada,No
U0653,Male,Mobile,Germany,Yes
U0654,Female,Tablet,India,Yes
U0655,Male,Desktop,USA,No
U0656,Male,Desktop,Canada,No
U0657,Male,Mobile,USA,No
U0658,Female,Desktop,India,Yes
U0659,Female,Desktop,Canada,No
U0660,Female,Tablet,USA,Yes
U0661,Male,Desktop,UK,Yes
U0662,Male,Tablet,India,Yes
U0663,Female,Mobile,India,No
U0664,Male,Desktop,India,No
U0665,Male,Tablet,UK,No
U0666,Female,Mobile,UK,No
U0667,Female,Desktop,Germany,No
U0668,Male,Mobile,USA,Yes
U0669,Male,Desktop,Germany,Yes
U0670,Male,Mobile,USA,Yes
U0671,Female,Mobile,UK,Yes
U0672,Female,Tablet,UK,No
U0673,Female,Mobile,Germany,No
U0674,Female,Desktop,Canada,Yes
U0675,Male,Desktop,Germany,No
U0676,Female,Tablet,USA,No
U0677,Female,Desktop,Germany,Yes
U0678,Female,Desktop,India,Yes
U0679,Female,Desktop,USA,No
U0680,Female,Mobile,USA,No
U0681,Male,Mobile,Canada,Yes
U0682,Male,Desktop,UK,Yes
U0683,Female,Tablet,USA,Yes
U0684,Male,Mobile,UK,No
U0685,Female,Tablet,Germany,Yes
U0686,Female,Desktop,India,Yes
U0687,Male,Desktop,Canada,No
U0688,Male,Mobile,UK,No
U0689,Female,Desktop,USA,No
U0690,Female,Mobile,UK,No
U0691,Female,Desktop,USA,No
U0692,Male,Desktop,UK,Yes
U0693,Female,Mobile,USA,Yes
U0694,Female,Mobile,Germany,No
U0695,Female,Mobile,USA,No
U0696,Male,Desktop,USA,No
U0697,Female,Desktop,India,No
U0698,Female,Tablet,USA,No
U0699,Male,Mobile,India,Yes
U0700,Female,Desktop,Canada,Yes
U0701,Female,Desktop,India,Yes
U0702,Male,Mobile,Germany,Yes
U0703,Female,Tablet,India,No
U0704,Male,Mobile,Canada,Yes
U0705,Male,Tablet,Germany,No
U0706,Female,Desktop,UK,No
U0707,Female,Tablet,UK,No
U0708,Female,Desktop,India,Yes
U0709,Female,Mobile,India,No
U0710,Male,Mobile,Canada,Yes
U0711,Female,Mobile,Canada,Yes
U0712,Male,Tablet,USA,No
U0713,Female,Desktop,Canada,No
U0714,Female,Mobile,USA,No
U0715,Female,Mobile,Germany,Yes
U0716,Male,Desktop,India,No
U0717,Female,Mobile,Germany,Yes
U0718,Female,Desktop,Canada,No
U0719,Female,Desktop,Germany,No
U0720,Female,Desktop,Germany,Yes
U0721,Male,Desktop,Germany,Yes
U0722,Female,Desktop,Canada,Yes
U0723,Male,Tablet,Germany,Yes
U0724,Male,Mobile,USA,Yes
U0725,Male,Tablet,Canada,Yes
U0726,Male,Mobile,Germany,No
U0727,Male,Tablet,Canada,No
U0728,Male,Desktop,UK,Yes
U0729,Female,Mobile,USA,No
U0730,Male,Mobile,Germany,Yes
U0731,Male,Tablet,UK,No
U0732,Male,Tablet,UK,No
U0733,Female,Mobile,Canada,Yes
U0734,Female,Tablet,UK,Yes
U0735,Male,Tablet,USA,Yes
U0736,Female,Tablet,USA,No
U0737,Male,Desktop,India,Yes
U0738,Male,Desktop,USA,No
U0739,Female,Tablet,UK,Yes
U0740,Male,Tablet,USA,No
U0741,Female,Desktop,Canada,No
U0742,Female,Desktop,India,Yes
U0743,Male,Mobile,UK,No
U0744,Male,Mobile,India,No
U0745,Female,Desktop,UK,Yes
U0746,Male,Tablet,Canada,No
U0747,Male,Tablet,India,Yes
U0748,Male,Tablet,Germany,Yes
U0749,Female,Tablet,UK,Yes
U0750,Female,Mobile,Germany,Yes
U0751,Male,Desktop,India,No
U0752,Female,Tablet,Germany,No
U0753,Female,Mobile,Germany,No
U0754,Female,Tablet,India,Yes
U0755,Female,Desktop,Canada,No
U0756,Female,Mobile,Germany,No
U0757,Male,Desktop,Germany,Yes
U0758,Male,Desktop,Canada,Yes
U0759,Male,Mobile,Germany,No
U0760,Female,Mobile,Germany,Yes
U0761,Female,Mobile,Germany,Yes
U0762,Male,Mobile,USA,Yes
U0763,Female,Mobile,Canada,Yes
U0764,Male,Mobile,Germany,No
U0765,Male,Mobile,Canada,Yes
U0766,Male,Tablet,UK,Yes
U0767,Female,Desktop,UK,Yes
U0768,Female,Mobile,Germany,Yes
U0769,Male,Tablet,Canada,Yes
U0770,Male,Tablet,Canada,Yes
U0771,Male,Tablet,Canada,Yes
U0772,Male,Desktop,USA,Yes
U0773,Female,Mobile,UK,No
U0774,Female,Tablet,Canada,Yes
U0775,Male,Desktop,Canada,No
U0776,Male,Desktop,USA,Yes
U0777,Female,Desktop,USA,Yes
U0778,Female,Tablet,Canada,Yes
U0779,Male,Mobile,India,Yes
U0780,Male,Tablet,Canada,No
U0781,Male,Tablet,Canada,Yes
U0782,Female,Mobile,USA,Yes
U0783,Female,Mobile,USA,No
U0784,Female,Mobile,Canada,No
U0785,Male,Desktop,Canada,Yes
U0786,Male,Mobile,Canada,No
U0787,Female,Tablet,USA,No
U0788,Female,Mobile,Canada,No
U0789,Male,Tablet,Canada,Yes
U0790,Female,Desktop,Germany,Yes
U0791,Female,Tablet,India,Yes
U0792,Male,Tablet,UK,No
U0793,Female,Mobile,India,Yes
U0794,Male,Mobile,Germany,No
U0795,Male,Tablet,UK,Yes
U0796,Male,Mobile,Canada,Yes
U0797,Male,Desktop,Germany,No
U0798,Male,Desktop,Canada,Yes
U0799,Male,Mobile,USA,No
U0800,Male,Desktop,Germany,No
U0801,Female,Mobile,USA,Yes
U0802,Male,Tablet,Germany,No
U0803,Male,Tablet,Germany,Yes
U0804,Female,Desktop,USA,Yes
U0805,Female,Mobile,UK,No
U0806,Female,Mobile,India,Yes
U0807,Male,Desktop,Canada,No
U0808,Female,Tablet,Germany,Yes
U0809,Male,Desktop,Canada,Yes
U0810,Male,Tablet,USA,Yes
U0811,Male,Mobile,Canada,Yes
U0812,Male,Tablet,USA,Yes
U0813,Female,Desktop,Canada,No
U0814,Female,Mobile,India,No
U0815,Male,Desktop,India,No
U0816,Male,Desktop,India,No
U0817,Male,Tablet,India,No
U0818,Female,Desktop,India,No
U0819,Male,Tablet,India,Yes
U0820,Male,Mobile,USA,Yes
U0821,Female,Tablet,Germany,No
U0822,Female,Mobile,Canada,No
U0823,Male,Tablet,India,Yes
U0824,Female,Desktop,USA,Yes
U0825,Female,Tablet,USA,Yes
U0826,Male,Tablet,USA,No
U0827,Female,Mobile,Germany,No
U0828,Male,Desktop,Canada,No
U0829,Female,Tablet,Germany,Yes
U0830,Male,Desktop,UK,Yes
U0831,Male,Tablet,USA,No
U0832,Male,Tablet,UK,No
U0833,Female,Desktop,India,Yes
U0834,Male,Tablet,India,Yes
U0835,Female,Desktop,Germany,Yes
U0836,Male,Tablet,Canada,Yes
U0837,Male,Mobile,UK,No
U0838,Female,Desktop,Canada,Yes
U0839,Male,Tablet,Germany,Yes
U0840,Male,Tablet,India,Yes
U0841,Female,Mobile,Canada,No
U0842,Male,Desktop,Canada,No
U0843,Male,Tablet,India,Yes
U0844,Male,Mobile,UK,Yes
U0845,Male,Tablet,India,Yes
U0846,Female,Desktop,Canada,No
U0847,Female,Tablet,UK,No
U0848,Male,Tablet,UK,No
U0849,Female,Tablet,India,Yes
U0850,Male,Tablet,Canada,No
U0851,Female,Mobile,Germany,Yes
U0852,Male,Mobile,Canada,Yes
U0853,Male,Desktop,USA,Yes
U0854,Male,Mobile,Germany,No
U0855,Male,Mobile,UK,Yes
U0856,Male,Desktop,Germany,No
U0857,Male,Mobile,UK,No
U0858,Female,Mobile,UK,Yes
U0859,Male,Desktop,Germany,Yes
U0860,Female,Desktop,UK,No
U0861,Male,Desktop,UK,Yes
U0862,Female,Tablet,USA,No
U0863,Female,Tablet,Canada,Yes
U0864,Female,Desktop,Canada,No
U0865,Male,Desktop,USA,No
U0866,Male,Desktop,Germany,No
U0867,Female,Tablet,India,No
U0868,Male,Tablet,India,Yes
U0869,Female,Mobile,India,Yes
U0870,Male,Mobile,USA,No
U0871,Female,Desktop,USA,No
U0872,Female,Tablet,UK,Yes
U0873,Male,Tablet,India,Yes
U0874,Female,Tablet,Germany,Yes
U0875,Male,Desktop,Germany,Yes
U0876,Female,Mobile,India,Yes
U0877,Female,Desktop,India,Yes
U0878,Male,Mobile,India,No
U0879,Male,Mobile,USA,Yes
U0880,Male,Desktop,USA,Yes
U0881,Female,Mobile,USA,No
U0882,Male,Mobile,Canada,Yes
U0883,Female,Tablet,Germany,Yes
U0884,Female,Mobile,Germany,Yes
U0885,Male,Desktop,UK,Yes
U0886,Male,Desktop,USA,Yes
U0887,Female,Mobile,Canada,No
U0888,Female,Tablet,Canada,Yes
U0889,Male,Tablet,Germany,No
U0890,Male,Mobile,USA,No
U0891,Male,Mobile,UK,Yes
U0892,Male,Desktop,USA,No
U0893,Male,Mobile,India,Yes
U0894,Female,Tablet,USA,No
U0895,Female,Mobile,India,No
U0896,Female,Desktop,India,Yes
U0897,Female,Desktop,UK,Yes
U0898,Male,Desktop,Germany,Yes
U0899,Male,Desktop,USA,Yes
U0900,Male,Desktop,India,Yes
U0901,Female,Mobile,USA,No
U0902,Female,Mobile,Germany,No
U0903,Male,Mobile,Germany,No
U0904,Male,Mobile,Canada,No
U0905,Female,Desktop,Germany,No
U0906,Female,Tablet,UK,No
U0907,Male,Mobile,India,No
U0908,Male,Tablet,Canada,Yes
U0909,Female,Mobile,UK,Yes
U0910,Male,Mobile,USA,No
U0911,Male,Tablet,India,No
U0912,Male,Desktop,Germany,Yes
U0913,Female,Mobile,India,Yes
U0914,Female,Mobile,USA,Yes
U0915,Female,Mobile,Canada,Yes
U0916,Female,Tablet,Canada,No
U0917,Female,Desktop,Canada,Yes
U0918,Female,Tablet,Germany,No
U0919,Female,Tablet,UK,No
U0920,Male,Desktop,UK,No
U0921,Male,Tablet,India,Yes
U0922,Male,Desktop,Germany,Yes
U0923,Male,Mobile,Canada,No
U0924,Male,Desktop,Canada,No
U0925,Male,Mobile,USA,No
U0926,Male,Tablet,USA,Yes
U0927,Female,Tablet,Canada,No
U0928,Female,Mobile,Canada,Yes
U0929,Male,Tablet,Germany,No
U0930,Male,Desktop,UK,No
U0931,Female,Mobile,USA,No
U0932,Male,Tablet,UK,Yes
U0933,Male,Mobile,Germany,Yes
U0934,Female,Desktop,Canada,No
U0935,Male,Desktop,UK,Yes
U0936,Female,Tablet,Canada,No
U0937,Male,Desktop,Canada,Yes
U0938,Female,Mobile,India,Yes
U0939,Female,Desktop,UK,Yes
U0940,Female,Mobile,UK,No
U0941,Male,Mobile,Canada,Yes
U0942,Female,Desktop,Germany,Yes
U0943,Male,Tablet,India,No
U0944,Male,Desktop,Canada,No
U0945,Male,Mobile,USA,No
U0946,Male,Mobile,USA,No
U0947,Female,Desktop,India,Yes
U0948,Female,Tablet,Germany,Yes
U0949,Male,Tablet,Canada,Yes
U0950,Male,Mobile,UK,Yes
U0951,Female,Mobile,India,Yes
U0952,Male,Tablet,Germany,No
U0953,Female,Desktop,UK,Yes
U0954,Male,Mobile,USA,Yes
U0955,Male,Mobile,USA,Yes
U0956,Female,Tablet,UK,No
U0957,Male,Desktop,India,No
U0958,Female,Tablet,USA,Yes
U0959,Male,Desktop,Canada,No
U0960,Male,Desktop,UK,No
U0961,Male,Desktop,UK,No
U0962,Female,Mobile,USA,No
U0963,Male,Tablet,India,No
U0964,Male,Tablet,Canada,No
U0965,Male,Desktop,India,No
U0966,Male,Mobile,Germany,Yes
U0967,Female,Mobile,Germany,Yes
U0968,Female,Tablet,USA,No
U0969,Male,Mobile,USA,Yes
U0970,Female,Mobile,USA,Yes
U0971,Male,Desktop,Germany,No
U0972,Male,Mobile,India,Yes
U0973,Male,Desktop,India,No
U0974,Female,Tablet,USA,No
U0975,Female,Mobile,Canada,No
U0976,Female,Tablet,India,Yes
U0977,Female,Tablet,Germany,Yes
U0978,Female,Mobile,UK,Yes
U0979,Female,Mobile,UK,Yes
U0980,Female,Tablet,UK,No
U0981,Female,Mobile,Canada,No
U0982,Female,Desktop,USA,Yes
U0983,Male,Desktop,Germany,No
U0984,Female,Mobile,Canada,No
U0985,Female,Tablet,Germany,Yes
U0986,Female,Mobile,Germany,No
U0987,Female,Mobile,USA,Yes
U0988,Female,Tablet,UK,No
U0989,Female,Tablet,USA,Yes
U0990,Female,Desktop,Canada,No
U0991,Female,Tablet,Canada,No
U0992,Female,Desktop,Canada,Yes
U0993,Female,Tablet,USA,Yes
U0994,Female,Mobile,Germany,Yes
U0995,Male,Desktop,Germany,Yes
U0996,Male,Desktop,India,No
U0997,Female,Desktop,Canada,No
U0998,Female,Mobile,Germany,Yes
U0999,Male,Mobile,India,No
